rider_id,rider_name,gender,city,signup_date
1,Rider_0001,Male,Kolkata,2025-03-26
2,Rider_0002,Female,Delhi,2024-03-29
3,Rider_0003,Female,Chennai,2024-09-20
4,Rider_0004,Female,Ahmedabad,2024-10-26
5,Rider_0005,Male,Ahmedabad,2023-01-12
6,Rider_0006,Male,Bengaluru,2023-10-31
7,Rider_0007,Male,Ahmedabad,2025-09-01
8,Rider_0008,Female,Kolkata,2025-02-21
9,Rider_0009,Female,Hyderabad,2023-02-12
10,Rider_0010,Female,Mumbai,2025-08-01
11,Rider_0011,Male,Kolkata,2023-12-09
12,Rider_0012,Female,Hyderabad,2024-05-12
13,Rider_0013,Female,Chennai,2023-12-30
14,Rider_0014,Male,Ahmedabad,2025-06-09
15,Rider_0015,Male,Chennai,2024-03-02
16,Rider_0016,Male,Ahmedabad,2025-10-01
17,Rider_0017,Male,Mumbai,2023-01-21
18,Rider_0018,Male,Pune,2024-02-11
19,Rider_0019,Male,Mumbai,2024-09-10
20,Rider_0020,Male,Delhi,2025-10-11
21,Rider_0021,Female,Kolkata,2023-12-02
22,Rider_0022,Male,Bengaluru,2024-02-03
23,Rider_0023,Male,Pune,2025-03-03
24,Rider_0024,Male,Mumbai,2024-12-15
25,Rider_0025,Male,Hyderabad,2023-02-20
26,Rider_0026,Female,Pune,2023-11-20
27,Rider_0027,Male,Kolkata,2025-02-27
28,Rider_0028,Male,Ahmedabad,2023-05-21
29,Rider_0029,Female,Pune,2024-04-14
30,Rider_0030,Male,Ahmedabad,2025-02-25
31,Rider_0031,Female,Kolkata,2025-08-21
32,Rider_0032,Male,Mumbai,2025-10-04
33,Rider_0033,Male,Kolkata,2024-01-08
34,Rider_0034,Female,Pune,2024-05-08
35,Rider_0035,Female,Hyderabad,2025-01-20
36,Rider_0036,Female,Chennai,2023-10-18
37,Rider_0037,Male,Pune,2023-04-16
38,Rider_0038,Male,Kolkata,2024-10-31
39,Rider_0039,Female,Chennai,2023-01-02
40,Rider_0040,Male,Kolkata,2024-08-11
41,Rider_0041,Male,Hyderabad,2024-10-05
42,Rider_0042,Male,Kolkata,2023-03-31
43,Rider_0043,Male,Mumbai,2023-12-16
44,Rider_0044,Female,Bengaluru,2025-11-28
45,Rider_0045,Male,Ahmedabad,2025-06-27
46,Rider_0046,Female,Ahmedabad,2023-06-08
47,Rider_0047,Male,Pune,2025-08-16
48,Rider_0048,Male,Bengaluru,2023-11-08
49,Rider_0049,Male,Kolkata,2024-03-20
50,Rider_0050,Male,Hyderabad,2023-10-25
51,Rider_0051,Female,Pune,2025-08-09
52,Rider_0052,Female,Kolkata,2023-02-05
53,Rider_0053,Female,Chennai,2024-07-12
54,Rider_0054,Female,Delhi,2025-06-09
55,Rider_0055,Female,Kolkata,2023-05-21
56,Rider_0056,Female,Bengaluru,2025-06-05
57,Rider_0057,Male,Pune,2024-12-26
58,Rider_0058,Male,Bengaluru,2025-11-15
59,Rider_0059,Male,Pune,2024-06-04
60,Rider_0060,Male,Kolkata,2023-01-10
61,Rider_0061,Male,Mumbai,2025-09-10
62,Rider_0062,Male,Chennai,2024-01-13
63,Rider_0063,Female,Kolkata,2024-11-12
64,Rider_0064,Male,Ahmedabad,2024-08-06
65,Rider_0065,Male,Bengaluru,2023-06-01
66,Rider_0066,Male,Delhi,2024-12-20
67,Rider_0067,Male,Delhi,2025-12-08
68,Rider_0068,Female,Hyderabad,2025-05-08
69,Rider_0069,Male,Pune,2023-02-19
70,Rider_0070,Other,Bengaluru,2024-10-25
71,Rider_0071,Female,Hyderabad,2024-06-14
72,Rider_0072,Male,Bengaluru,2025-12-19
73,Rider_0073,Male,Ahmedabad,2025-05-06
74,Rider_0074,Female,Pune,2023-05-26
75,Rider_0075,Female,Kolkata,2025-07-03
76,Rider_0076,Female,Kolkata,2025-09-19
77,Rider_0077,Female,Delhi,2023-08-30
78,Rider_0078,Male,Kolkata,2024-08-03
79,Rider_0079,Male,Kolkata,2024-11-17
80,Rider_0080,Male,Ahmedabad,2024-04-27
81,Rider_0081,Female,Mumbai,2024-11-03
82,Rider_0082,Female,Delhi,2024-09-22
83,Rider_0083,Male,Hyderabad,2024-10-22
84,Rider_0084,Male,Chennai,2024-10-23
85,Rider_0085,Male,Mumbai,2025-03-15
86,Rider_0086,Male,Hyderabad,2024-02-23
87,Rider_0087,Female,Pune,2025-09-14
88,Rider_0088,Female,Mumbai,2024-10-11
89,Rider_0089,Female,Ahmedabad,2025-08-26
90,Rider_0090,Male,Hyderabad,2024-08-12
91,Rider_0091,Male,Pune,2024-05-23
92,Rider_0092,Female,Delhi,2024-03-16
93,Rider_0093,Female,Chennai,2025-07-09
94,Rider_0094,Female,Pune,2025-02-08
95,Rider_0095,Female,Kolkata,2023-09-20
96,Rider_0096,Male,Bengaluru,2024-09-28
97,Rider_0097,Male,Pune,2024-04-03
98,Rider_0098,Male,Pune,2025-09-25
99,Rider_0099,Male,Chennai,2024-11-30
100,Rider_0100,Male,Bengaluru,2023-10-29
101,Rider_0101,Male,Kolkata,2024-07-07
102,Rider_0102,Female,Hyderabad,2023-10-15
103,Rider_0103,Male,Hyderabad,2024-09-12
104,Rider_0104,Male,Pune,2025-10-02
105,Rider_0105,Female,Ahmedabad,2023-02-05
106,Rider_0106,Male,Ahmedabad,2025-01-13
107,Rider_0107,Male,Bengaluru,2023-12-19
108,Rider_0108,Female,Bengaluru,2023-03-14
109,Rider_0109,Male,Kolkata,2024-10-09
110,Rider_0110,Male,Chennai,2025-12-29
111,Rider_0111,Male,Delhi,2024-02-29
112,Rider_0112,Male,Hyderabad,2025-09-25
113,Rider_0113,Female,Chennai,2024-12-08
114,Rider_0114,Female,Mumbai,2024-07-14
115,Rider_0115,Female,Hyderabad,2025-04-07
116,Rider_0116,Female,Chennai,2025-08-13
117,Rider_0117,Female,Hyderabad,2024-05-31
118,Rider_0118,Male,Delhi,2024-03-03
119,Rider_0119,Female,Mumbai,2023-06-09
120,Rider_0120,Male,Ahmedabad,2023-05-29
121,Rider_0121,Female,Ahmedabad,2025-02-14
122,Rider_0122,Female,Delhi,2023-03-08
123,Rider_0123,Male,Kolkata,2025-10-10
124,Rider_0124,Male,Mumbai,2024-01-16
125,Rider_0125,Male,Pune,2023-02-27
126,Rider_0126,Male,Chennai,2023-12-08
127,Rider_0127,Female,Mumbai,2024-12-27
128,Rider_0128,Female,Kolkata,2025-02-08
129,Rider_0129,Male,Kolkata,2024-09-05
130,Rider_0130,Male,Delhi,2023-12-20
131,Rider_0131,Male,Hyderabad,2023-04-26
132,Rider_0132,Male,Mumbai,2024-10-23
133,Rider_0133,Male,Chennai,2024-03-28
134,Rider_0134,Male,Mumbai,2023-10-14
135,Rider_0135,Female,Bengaluru,2025-10-13
136,Rider_0136,Male,Hyderabad,2023-11-07
137,Rider_0137,Male,Chennai,2023-07-27
138,Rider_0138,Female,Ahmedabad,2024-09-09
139,Rider_0139,Male,Chennai,2024-03-21
140,Rider_0140,Female,Pune,2024-10-31
141,Rider_0141,Female,Delhi,2024-09-24
142,Rider_0142,Male,Pune,2023-02-24
143,Rider_0143,Male,Chennai,2025-06-30
144,Rider_0144,Male,Hyderabad,2025-11-01
145,Rider_0145,Male,Mumbai,2024-10-18
146,Rider_0146,Male,Ahmedabad,2025-09-06
147,Rider_0147,Female,Mumbai,2024-05-29
148,Rider_0148,Male,Hyderabad,2023-08-25
149,Rider_0149,Male,Chennai,2023-12-14
150,Rider_0150,Male,Kolkata,2024-09-18
151,Rider_0151,Female,Mumbai,2024-09-21
152,Rider_0152,Male,Kolkata,2023-12-30
153,Rider_0153,Male,Mumbai,2023-11-17
154,Rider_0154,Male,Mumbai,2023-10-13
155,Rider_0155,Other,Ahmedabad,2023-05-29
156,Rider_0156,Male,Delhi,2024-02-10
157,Rider_0157,Female,Delhi,2025-09-04
158,Rider_0158,Female,Bengaluru,2024-03-31
159,Rider_0159,Male,Pune,2025-03-10
160,Rider_0160,Female,Hyderabad,2025-10-09
161,Rider_0161,Male,Hyderabad,2025-02-22
162,Rider_0162,Female,Hyderabad,2024-04-04
163,Rider_0163,Female,Bengaluru,2025-01-07
164,Rider_0164,Male,Delhi,2024-05-23
165,Rider_0165,Male,Chennai,2024-04-25
166,Rider_0166,Female,Kolkata,2023-04-24
167,Rider_0167,Male,Ahmedabad,2025-01-18
168,Rider_0168,Male,Kolkata,2023-12-27
169,Rider_0169,Male,Chennai,2023-12-07
170,Rider_0170,Female,Ahmedabad,2025-02-08
171,Rider_0171,Female,Bengaluru,2025-01-30
172,Rider_0172,Male,Chennai,2025-08-26
173,Rider_0173,Male,Hyderabad,2024-03-24
174,Rider_0174,Male,Pune,2025-04-14
175,Rider_0175,Female,Mumbai,2023-11-07
176,Rider_0176,Male,Kolkata,2023-09-19
177,Rider_0177,Female,Delhi,2024-02-10
178,Rider_0178,Male,Delhi,2023-05-23
179,Rider_0179,Female,Bengaluru,2023-12-08
180,Rider_0180,Male,Ahmedabad,2023-09-01
181,Rider_0181,Male,Delhi,2024-05-04
182,Rider_0182,Male,Hyderabad,2023-01-12
183,Rider_0183,Female,Kolkata,2024-07-14
184,Rider_0184,Female,Chennai,2023-02-11
185,Rider_0185,Male,Hyderabad,2024-11-08
186,Rider_0186,Female,Bengaluru,2024-08-16
187,Rider_0187,Female,Hyderabad,2023-05-14
188,Rider_0188,Male,Chennai,2025-12-26
189,Rider_0189,Male,Pune,2025-10-27
190,Rider_0190,Male,Bengaluru,2025-08-05
191,Rider_0191,Male,Pune,2023-03-14
192,Rider_0192,Female,Mumbai,2024-02-03
193,Rider_0193,Female,Pune,2024-07-31
194,Rider_0194,Female,Mumbai,2025-05-08
195,Rider_0195,Male,Mumbai,2023-05-10
196,Rider_0196,Male,Pune,2025-07-19
197,Rider_0197,Female,Bengaluru,2023-09-23
198,Rider_0198,Female,Ahmedabad,2025-03-03
199,Rider_0199,Female,Chennai,2023-09-10
200,Rider_0200,Female,Hyderabad,2025-04-01
201,Rider_0201,Female,Hyderabad,2023-06-13
202,Rider_0202,Male,Chennai,2023-04-05
203,Rider_0203,Male,Kolkata,2025-04-12
204,Rider_0204,Female,Kolkata,2023-12-02
205,Rider_0205,Female,Mumbai,2025-04-01
206,Rider_0206,Male,Mumbai,2023-08-26
207,Rider_0207,Male,Bengaluru,2024-01-16
208,Rider_0208,Female,Delhi,2025-06-17
209,Rider_0209,Male,Pune,2024-04-27
210,Rider_0210,Male,Mumbai,2025-06-20
211,Rider_0211,Male,Hyderabad,2025-11-14
212,Rider_0212,Female,Bengaluru,2024-04-26
213,Rider_0213,Female,Pune,2025-07-05
214,Rider_0214,Male,Bengaluru,2025-09-20
215,Rider_0215,Female,Pune,2025-08-21
216,Rider_0216,Male,Pune,2024-06-20
217,Rider_0217,Male,Chennai,2025-11-01
218,Rider_0218,Female,Mumbai,2023-05-08
219,Rider_0219,Female,Ahmedabad,2023-04-02
220,Rider_0220,Female,Bengaluru,2024-06-26
221,Rider_0221,Female,Ahmedabad,2025-04-25
222,Rider_0222,Female,Bengaluru,2025-09-15
223,Rider_0223,Male,Chennai,2024-03-22
224,Rider_0224,Male,Hyderabad,2024-01-25
225,Rider_0225,Male,Ahmedabad,2024-11-02
226,Rider_0226,Male,Hyderabad,2023-02-12
227,Rider_0227,Female,Kolkata,2023-09-11
228,Rider_0228,Male,Mumbai,2025-12-19
229,Rider_0229,Female,Mumbai,2024-10-24
230,Rider_0230,Female,Delhi,2024-04-11
231,Rider_0231,Female,Chennai,2023-10-14
232,Rider_0232,Male,Hyderabad,2025-10-07
233,Rider_0233,Female,Pune,2025-02-16
234,Rider_0234,Male,Bengaluru,2023-12-11
235,Rider_0235,Male,Mumbai,2024-10-03
236,Rider_0236,Female,Ahmedabad,2024-01-17
237,Rider_0237,Male,Bengaluru,2024-11-20
238,Rider_0238,Male,Bengaluru,2025-12-15
239,Rider_0239,Female,Delhi,2024-04-01
240,Rider_0240,Male,Hyderabad,2025-09-09
241,Rider_0241,Female,Mumbai,2023-03-24
242,Rider_0242,Female,Bengaluru,2023-05-29
243,Rider_0243,Female,Mumbai,2023-07-09
244,Rider_0244,Male,Pune,2025-06-01
245,Rider_0245,Male,Delhi,2023-09-20
246,Rider_0246,Female,Pune,2024-02-04
247,Rider_0247,Male,Mumbai,2025-02-02
248,Rider_0248,Female,Kolkata,2024-08-31
249,Rider_0249,Female,Ahmedabad,2025-02-23
250,Rider_0250,Female,Mumbai,2023-04-11
251,Rider_0251,Male,Hyderabad,2025-03-30
252,Rider_0252,Male,Bengaluru,2025-03-30
253,Rider_0253,Female,Bengaluru,2024-02-24
254,Rider_0254,Male,Pune,2023-05-04
255,Rider_0255,Male,Ahmedabad,2024-02-26
256,Rider_0256,Male,Delhi,2025-12-22
257,Rider_0257,Female,Kolkata,2025-02-06
258,Rider_0258,Female,Chennai,2024-04-27
259,Rider_0259,Female,Ahmedabad,2024-06-02
260,Rider_0260,Male,Bengaluru,2023-06-04
261,Rider_0261,Female,Hyderabad,2023-04-02
262,Rider_0262,Other,Ahmedabad,2025-09-08
263,Rider_0263,Male,Pune,2024-03-30
264,Rider_0264,Male,Pune,2024-08-20
265,Rider_0265,Female,Chennai,2024-05-24
266,Rider_0266,Female,Hyderabad,2024-01-21
267,Rider_0267,Female,Delhi,2024-02-09
268,Rider_0268,Female,Ahmedabad,2023-09-03
269,Rider_0269,Male,Hyderabad,2025-01-11
270,Rider_0270,Male,Delhi,2024-10-22
271,Rider_0271,Female,Hyderabad,2024-10-11
272,Rider_0272,Female,Hyderabad,2025-06-19
273,Rider_0273,Female,Mumbai,2023-03-06
274,Rider_0274,Female,Pune,2025-11-02
275,Rider_0275,Male,Ahmedabad,2023-08-01
276,Rider_0276,Male,Hyderabad,2023-08-30
277,Rider_0277,Female,Ahmedabad,2024-05-07
278,Rider_0278,Female,Chennai,2023-12-04
279,Rider_0279,Female,Hyderabad,2023-06-22
280,Rider_0280,Female,Bengaluru,2024-11-02
281,Rider_0281,Female,Pune,2023-06-13
282,Rider_0282,Male,Bengaluru,2024-04-09
283,Rider_0283,Male,Ahmedabad,2025-09-21
284,Rider_0284,Male,Ahmedabad,2024-05-11
285,Rider_0285,Female,Pune,2024-11-30
286,Rider_0286,Male,Ahmedabad,2024-01-30
287,Rider_0287,Male,Bengaluru,2024-12-03
288,Rider_0288,Male,Hyderabad,2023-11-04
289,Rider_0289,Male,Hyderabad,2023-07-02
290,Rider_0290,Female,Mumbai,2024-09-20
291,Rider_0291,Male,Chennai,2024-05-24
292,Rider_0292,Male,Ahmedabad,2024-06-29
293,Rider_0293,Female,Bengaluru,2024-09-15
294,Rider_0294,Male,Ahmedabad,2024-08-16
295,Rider_0295,Male,Ahmedabad,2025-01-13
296,Rider_0296,Male,Delhi,2024-07-07
297,Rider_0297,Female,Mumbai,2023-01-21
298,Rider_0298,Male,Bengaluru,2024-07-07
299,Rider_0299,Female,Bengaluru,2024-02-01
300,Rider_0300,Male,Ahmedabad,2024-09-16
301,Rider_0301,Male,Mumbai,2023-04-15
302,Rider_0302,Male,Hyderabad,2023-07-11
303,Rider_0303,Male,Bengaluru,2023-01-17
304,Rider_0304,Female,Hyderabad,2024-01-28
305,Rider_0305,Female,Mumbai,2024-02-29
306,Rider_0306,Female,Hyderabad,2023-05-09
307,Rider_0307,Male,Pune,2024-07-25
308,Rider_0308,Male,Delhi,2023-01-29
309,Rider_0309,Female,Kolkata,2025-10-30
310,Rider_0310,Male,Bengaluru,2023-08-30
311,Rider_0311,Male,Chennai,2023-08-20
312,Rider_0312,Male,Delhi,2025-02-27
313,Rider_0313,Male,Kolkata,2024-12-15
314,Rider_0314,Female,Hyderabad,2025-01-28
315,Rider_0315,Female,Bengaluru,2025-03-12
316,Rider_0316,Female,Hyderabad,2025-02-14
317,Rider_0317,Male,Pune,2024-12-26
318,Rider_0318,Male,Mumbai,2023-07-19
319,Rider_0319,Male,Bengaluru,2025-08-02
320,Rider_0320,Male,Kolkata,2023-03-20
321,Rider_0321,Male,Kolkata,2025-08-13
322,Rider_0322,Female,Pune,2025-05-05
323,Rider_0323,Female,Pune,2024-04-11
324,Rider_0324,Male,Ahmedabad,2024-08-03
325,Rider_0325,Female,Bengaluru,2025-07-28
326,Rider_0326,Female,Hyderabad,2024-03-24
327,Rider_0327,Male,Chennai,2023-03-28
328,Rider_0328,Female,Kolkata,2023-04-11
329,Rider_0329,Male,Kolkata,2025-10-28
330,Rider_0330,Male,Pune,2025-04-24
331,Rider_0331,Male,Delhi,2023-03-28
332,Rider_0332,Female,Pune,2023-02-12
333,Rider_0333,Male,Chennai,2024-02-12
334,Rider_0334,Male,Hyderabad,2024-10-25
335,Rider_0335,Male,Hyderabad,2025-11-06
336,Rider_0336,Male,Delhi,2023-05-28
337,Rider_0337,Female,Kolkata,2023-10-04
338,Rider_0338,Female,Pune,2023-08-20
339,Rider_0339,Male,Ahmedabad,2024-01-01
340,Rider_0340,Male,Hyderabad,2024-03-11
341,Rider_0341,Male,Chennai,2024-02-03
342,Rider_0342,Male,Bengaluru,2024-05-13
343,Rider_0343,Male,Mumbai,2024-06-23
344,Rider_0344,Male,Mumbai,2024-07-16
345,Rider_0345,Male,Mumbai,2024-03-17
346,Rider_0346,Female,Ahmedabad,2025-02-11
347,Rider_0347,Female,Kolkata,2023-12-16
348,Rider_0348,Male,Pune,2024-06-03
349,Rider_0349,Male,Delhi,2023-05-18
350,Rider_0350,Female,Ahmedabad,2025-09-18
351,Rider_0351,Male,Ahmedabad,2024-01-03
352,Rider_0352,Female,Hyderabad,2023-12-26
353,Rider_0353,Female,Bengaluru,2025-07-09
354,Rider_0354,Male,Ahmedabad,2023-11-25
355,Rider_0355,Male,Chennai,2025-08-19
356,Rider_0356,Female,Bengaluru,2024-04-07
357,Rider_0357,Male,Chennai,2025-08-03
358,Rider_0358,Female,Kolkata,2025-08-20
359,Rider_0359,Female,Pune,2025-04-15
360,Rider_0360,Female,Mumbai,2023-06-18
361,Rider_0361,Male,Ahmedabad,2023-08-05
362,Rider_0362,Female,Pune,2024-01-13
363,Rider_0363,Male,Kolkata,2023-04-29
364,Rider_0364,Male,Delhi,2023-07-09
365,Rider_0365,Female,Delhi,2025-02-05
366,Rider_0366,Male,Kolkata,2024-01-05
367,Rider_0367,Female,Chennai,2023-05-29
368,Rider_0368,Female,Hyderabad,2024-10-13
369,Rider_0369,Male,Hyderabad,2025-02-08
370,Rider_0370,Male,Chennai,2024-01-09
371,Rider_0371,Male,Delhi,2025-02-19
372,Rider_0372,Male,Delhi,2023-06-09
373,Rider_0373,Male,Ahmedabad,2023-12-17
374,Rider_0374,Female,Delhi,2025-06-10
375,Rider_0375,Male,Pune,2024-06-06
376,Rider_0376,Male,Delhi,2024-06-05
377,Rider_0377,Female,Bengaluru,2025-02-21
378,Rider_0378,Male,Ahmedabad,2023-09-30
379,Rider_0379,Female,Mumbai,2025-07-24
380,Rider_0380,Male,Delhi,2023-07-02
381,Rider_0381,Male,Chennai,2024-05-02
382,Rider_0382,Female,Mumbai,2025-04-25
383,Rider_0383,Female,Pune,2023-05-04
384,Rider_0384,Female,Chennai,2025-09-11
385,Rider_0385,Female,Mumbai,2025-02-28
386,Rider_0386,Female,Chennai,2024-02-18
387,Rider_0387,Male,Pune,2024-11-16
388,Rider_0388,Male,Ahmedabad,2023-04-23
389,Rider_0389,Female,Bengaluru,2025-06-06
390,Rider_0390,Female,Pune,2023-05-02
391,Rider_0391,Other,Pune,2023-02-08
392,Rider_0392,Male,Chennai,2024-05-11
393,Rider_0393,Male,Ahmedabad,2025-02-18
394,Rider_0394,Female,Kolkata,2025-07-31
395,Rider_0395,Male,Hyderabad,2023-05-29
396,Rider_0396,Female,Delhi,2025-10-18
397,Rider_0397,Female,Delhi,2024-10-22
398,Rider_0398,Male,Bengaluru,2023-10-29
399,Rider_0399,Female,Bengaluru,2023-08-26
400,Rider_0400,Female,Delhi,2024-10-08
401,Rider_0401,Male,Hyderabad,2024-10-24
402,Rider_0402,Female,Delhi,2023-08-24
403,Rider_0403,Male,Kolkata,2023-07-22
404,Rider_0404,Female,Hyderabad,2023-09-13
405,Rider_0405,Male,Bengaluru,2024-08-20
406,Rider_0406,Female,Mumbai,2024-10-23
407,Rider_0407,Male,Chennai,2023-08-23
408,Rider_0408,Male,Kolkata,2024-06-17
409,Rider_0409,Female,Kolkata,2025-05-09
410,Rider_0410,Male,Ahmedabad,2025-02-08
411,Rider_0411,Male,Bengaluru,2024-06-24
412,Rider_0412,Female,Bengaluru,2023-08-01
413,Rider_0413,Female,Pune,2024-04-07
414,Rider_0414,Female,Kolkata,2024-03-11
415,Rider_0415,Female,Pune,2023-10-10
416,Rider_0416,Male,Pune,2023-03-29
417,Rider_0417,Male,Chennai,2025-12-03
418,Rider_0418,Male,Pune,2024-04-05
419,Rider_0419,Female,Hyderabad,2023-10-05
420,Rider_0420,Female,Delhi,2024-02-25
421,Rider_0421,Female,Mumbai,2024-11-26
422,Rider_0422,Female,Bengaluru,2024-05-29
423,Rider_0423,Male,Hyderabad,2024-12-03
424,Rider_0424,Male,Mumbai,2023-01-19
425,Rider_0425,Male,Kolkata,2023-01-23
426,Rider_0426,Male,Kolkata,2024-02-17
427,Rider_0427,Male,Kolkata,2025-11-19
428,Rider_0428,Female,Hyderabad,2023-04-18
429,Rider_0429,Male,Hyderabad,2023-05-16
430,Rider_0430,Male,Bengaluru,2023-12-28
431,Rider_0431,Male,Delhi,2023-05-09
432,Rider_0432,Female,Ahmedabad,2024-05-29
433,Rider_0433,Female,Pune,2024-03-24
434,Rider_0434,Male,Kolkata,2025-05-23
435,Rider_0435,Male,Chennai,2024-04-17
436,Rider_0436,Female,Delhi,2025-10-30
437,Rider_0437,Male,Chennai,2023-10-29
438,Rider_0438,Female,Bengaluru,2023-08-19
439,Rider_0439,Female,Bengaluru,2025-07-11
440,Rider_0440,Male,Bengaluru,2025-12-25
441,Rider_0441,Male,Mumbai,2025-07-25
442,Rider_0442,Other,Chennai,2023-04-22
443,Rider_0443,Male,Delhi,2025-11-02
444,Rider_0444,Male,Ahmedabad,2024-05-14
445,Rider_0445,Female,Delhi,2025-07-20
446,Rider_0446,Female,Hyderabad,2024-08-20
447,Rider_0447,Other,Hyderabad,2023-08-22
448,Rider_0448,Female,Kolkata,2024-08-24
449,Rider_0449,Male,Ahmedabad,2023-11-10
450,Rider_0450,Male,Hyderabad,2024-07-19
451,Rider_0451,Female,Bengaluru,2025-11-01
452,Rider_0452,Male,Delhi,2023-07-28
453,Rider_0453,Male,Chennai,2025-11-03
454,Rider_0454,Female,Bengaluru,2025-11-09
455,Rider_0455,Male,Mumbai,2024-08-09
456,Rider_0456,Male,Hyderabad,2025-10-11
457,Rider_0457,Male,Bengaluru,2025-12-29
458,Rider_0458,Male,Bengaluru,2024-11-28
459,Rider_0459,Male,Mumbai,2023-05-12
460,Rider_0460,Male,Pune,2025-11-09
461,Rider_0461,Male,Delhi,2024-06-19
462,Rider_0462,Female,Chennai,2025-10-10
463,Rider_0463,Female,Kolkata,2023-08-15
464,Rider_0464,Female,Pune,2025-04-01
465,Rider_0465,Female,Hyderabad,2025-05-20
466,Rider_0466,Male,Bengaluru,2024-02-09
467,Rider_0467,Male,Ahmedabad,2023-07-21
468,Rider_0468,Female,Mumbai,2023-02-07
469,Rider_0469,Male,Mumbai,2025-07-30
470,Rider_0470,Female,Ahmedabad,2023-07-07
471,Rider_0471,Male,Delhi,2025-12-16
472,Rider_0472,Female,Pune,2025-07-29
473,Rider_0473,Male,Kolkata,2025-11-09
474,Rider_0474,Female,Delhi,2023-09-30
475,Rider_0475,Male,Ahmedabad,2024-08-05
476,Rider_0476,Other,Bengaluru,2024-05-30
477,Rider_0477,Male,Ahmedabad,2024-06-09
478,Rider_0478,Male,Delhi,2023-12-02
479,Rider_0479,Female,Chennai,2024-11-28
480,Rider_0480,Male,Mumbai,2025-12-14
481,Rider_0481,Female,Mumbai,2024-05-14
482,Rider_0482,Female,Hyderabad,2025-06-18
483,Rider_0483,Male,Hyderabad,2025-02-04
484,Rider_0484,Female,Ahmedabad,2024-06-19
485,Rider_0485,Female,Kolkata,2023-06-11
486,Rider_0486,Female,Bengaluru,2024-08-16
487,Rider_0487,Male,Chennai,2023-06-08
488,Rider_0488,Male,Pune,2023-03-01
489,Rider_0489,Female,Delhi,2025-07-03
490,Rider_0490,Female,Kolkata,2023-07-30
491,Rider_0491,Male,Bengaluru,2024-02-10
492,Rider_0492,Female,Hyderabad,2024-10-25
493,Rider_0493,Male,Ahmedabad,2024-06-25
494,Rider_0494,Male,Delhi,2025-09-24
495,Rider_0495,Male,Hyderabad,2025-07-15
496,Rider_0496,Male,Ahmedabad,2025-05-17
497,Rider_0497,Female,Delhi,2023-01-19
498,Rider_0498,Male,Pune,2024-03-07
499,Rider_0499,Female,Bengaluru,2025-01-09
500,Rider_0500,Other,Delhi,2023-07-02
501,Rider_0501,Female,Chennai,2023-04-23
502,Rider_0502,Male,Kolkata,2024-04-25
503,Rider_0503,Male,Mumbai,2025-04-10
504,Rider_0504,Female,Chennai,2025-02-01
505,Rider_0505,Female,Chennai,2024-04-20
506,Rider_0506,Male,Kolkata,2025-02-01
507,Rider_0507,Female,Mumbai,2025-08-28
508,Rider_0508,Female,Chennai,2025-10-16
509,Rider_0509,Female,Delhi,2023-06-10
510,Rider_0510,Female,Delhi,2024-02-05
511,Rider_0511,Female,Delhi,2023-07-17
512,Rider_0512,Male,Mumbai,2024-10-21
513,Rider_0513,Female,Chennai,2025-12-06
514,Rider_0514,Female,Ahmedabad,2024-02-03
515,Rider_0515,Male,Mumbai,2023-03-19
516,Rider_0516,Male,Delhi,2023-05-04
517,Rider_0517,Male,Kolkata,2023-03-16
518,Rider_0518,Female,Chennai,2023-05-17
519,Rider_0519,Other,Chennai,2024-08-24
520,Rider_0520,Male,Hyderabad,2025-04-16
521,Rider_0521,Female,Hyderabad,2024-05-14
522,Rider_0522,Male,Pune,2023-05-18
523,Rider_0523,Female,Ahmedabad,2023-02-19
524,Rider_0524,Female,Ahmedabad,2025-08-30
525,Rider_0525,Female,Bengaluru,2023-09-11
526,Rider_0526,Male,Ahmedabad,2024-12-10
527,Rider_0527,Male,Hyderabad,2024-07-16
528,Rider_0528,Male,Mumbai,2025-01-26
529,Rider_0529,Male,Ahmedabad,2024-06-30
530,Rider_0530,Female,Hyderabad,2025-07-10
531,Rider_0531,Female,Pune,2024-08-03
532,Rider_0532,Other,Chennai,2023-02-18
533,Rider_0533,Other,Ahmedabad,2025-07-05
534,Rider_0534,Male,Pune,2024-12-04
535,Rider_0535,Female,Chennai,2023-09-18
536,Rider_0536,Female,Kolkata,2023-12-22
537,Rider_0537,Female,Kolkata,2024-09-29
538,Rider_0538,Male,Chennai,2025-01-12
539,Rider_0539,Male,Ahmedabad,2025-10-06
540,Rider_0540,Male,Bengaluru,2025-07-19
541,Rider_0541,Female,Hyderabad,2024-10-02
542,Rider_0542,Female,Mumbai,2025-03-02
543,Rider_0543,Male,Mumbai,2024-09-03
544,Rider_0544,Female,Delhi,2025-03-19
545,Rider_0545,Female,Chennai,2024-11-16
546,Rider_0546,Male,Mumbai,2023-07-07
547,Rider_0547,Male,Ahmedabad,2025-09-11
548,Rider_0548,Female,Bengaluru,2024-07-01
549,Rider_0549,Male,Chennai,2024-12-25
550,Rider_0550,Female,Bengaluru,2025-07-14
551,Rider_0551,Male,Ahmedabad,2025-05-25
552,Rider_0552,Female,Mumbai,2024-09-09
553,Rider_0553,Male,Mumbai,2024-02-18
554,Rider_0554,Female,Delhi,2025-06-21
555,Rider_0555,Female,Mumbai,2023-06-12
556,Rider_0556,Male,Chennai,2023-09-27
557,Rider_0557,Male,Ahmedabad,2024-09-23
558,Rider_0558,Male,Kolkata,2025-06-24
559,Rider_0559,Female,Ahmedabad,2023-07-24
560,Rider_0560,Female,Chennai,2024-08-04
561,Rider_0561,Female,Chennai,2025-04-20
562,Rider_0562,Male,Delhi,2024-08-18
563,Rider_0563,Male,Delhi,2023-09-07
564,Rider_0564,Male,Mumbai,2025-05-24
565,Rider_0565,Male,Pune,2023-07-15
566,Rider_0566,Female,Ahmedabad,2024-11-20
567,Rider_0567,Male,Ahmedabad,2025-12-29
568,Rider_0568,Male,Pune,2024-09-30
569,Rider_0569,Female,Delhi,2024-11-02
570,Rider_0570,Male,Mumbai,2025-08-01
571,Rider_0571,Male,Pune,2023-07-18
572,Rider_0572,Female,Mumbai,2024-05-06
573,Rider_0573,Male,Mumbai,2025-06-14
574,Rider_0574,Female,Mumbai,2023-05-22
575,Rider_0575,Female,Hyderabad,2023-06-14
576,Rider_0576,Female,Chennai,2023-11-10
577,Rider_0577,Male,Mumbai,2023-01-21
578,Rider_0578,Female,Hyderabad,2025-09-10
579,Rider_0579,Male,Delhi,2023-11-01
580,Rider_0580,Male,Pune,2024-01-06
581,Rider_0581,Male,Chennai,2025-05-02
582,Rider_0582,Other,Kolkata,2024-01-19
583,Rider_0583,Male,Pune,2024-03-20
584,Rider_0584,Male,Chennai,2024-02-29
585,Rider_0585,Female,Kolkata,2023-06-10
586,Rider_0586,Male,Pune,2024-09-20
587,Rider_0587,Male,Chennai,2025-06-13
588,Rider_0588,Male,Pune,2024-05-04
589,Rider_0589,Male,Pune,2025-10-13
590,Rider_0590,Male,Kolkata,2023-11-23
591,Rider_0591,Male,Pune,2024-08-20
592,Rider_0592,Female,Pune,2025-10-11
593,Rider_0593,Male,Kolkata,2023-10-16
594,Rider_0594,Male,Delhi,2024-08-15
595,Rider_0595,Female,Mumbai,2024-07-26
596,Rider_0596,Male,Ahmedabad,2023-01-28
597,Rider_0597,Female,Bengaluru,2025-08-11
598,Rider_0598,Male,Hyderabad,2023-02-12
599,Rider_0599,Male,Bengaluru,2024-02-27
600,Rider_0600,Male,Bengaluru,2023-06-26
601,Rider_0601,Male,Chennai,2024-06-12
602,Rider_0602,Male,Mumbai,2025-08-23
603,Rider_0603,Male,Chennai,2023-07-17
604,Rider_0604,Male,Mumbai,2024-09-01
605,Rider_0605,Male,Kolkata,2025-04-21
606,Rider_0606,Male,Kolkata,2025-05-02
607,Rider_0607,Male,Ahmedabad,2023-01-22
608,Rider_0608,Male,Mumbai,2025-12-16
609,Rider_0609,Male,Pune,2025-12-25
610,Rider_0610,Female,Delhi,2025-04-21
611,Rider_0611,Male,Ahmedabad,2023-04-08
612,Rider_0612,Female,Ahmedabad,2024-03-10
613,Rider_0613,Female,Pune,2024-09-28
614,Rider_0614,Male,Delhi,2024-08-10
615,Rider_0615,Female,Chennai,2023-12-10
616,Rider_0616,Female,Delhi,2024-07-24
617,Rider_0617,Male,Chennai,2024-09-02
618,Rider_0618,Male,Kolkata,2023-08-31
619,Rider_0619,Female,Bengaluru,2024-07-14
620,Rider_0620,Female,Kolkata,2025-08-17
621,Rider_0621,Male,Kolkata,2023-02-01
622,Rider_0622,Male,Bengaluru,2024-01-26
623,Rider_0623,Male,Delhi,2023-10-04
624,Rider_0624,Male,Ahmedabad,2024-06-15
625,Rider_0625,Female,Delhi,2024-01-18
626,Rider_0626,Male,Chennai,2025-12-27
627,Rider_0627,Male,Pune,2025-06-02
628,Rider_0628,Female,Chennai,2023-08-02
629,Rider_0629,Male,Pune,2024-01-11
630,Rider_0630,Male,Kolkata,2025-01-13
631,Rider_0631,Female,Bengaluru,2023-08-01
632,Rider_0632,Female,Kolkata,2023-03-20
633,Rider_0633,Male,Mumbai,2024-09-19
634,Rider_0634,Male,Delhi,2024-08-26
635,Rider_0635,Male,Pune,2025-02-20
636,Rider_0636,Male,Chennai,2025-09-27
637,Rider_0637,Male,Bengaluru,2024-11-10
638,Rider_0638,Male,Pune,2023-02-27
639,Rider_0639,Male,Chennai,2025-11-15
640,Rider_0640,Male,Delhi,2025-05-30
641,Rider_0641,Male,Kolkata,2024-03-22
642,Rider_0642,Male,Delhi,2023-03-07
643,Rider_0643,Male,Hyderabad,2025-12-03
644,Rider_0644,Male,Mumbai,2025-10-08
645,Rider_0645,Male,Hyderabad,2023-08-15
646,Rider_0646,Female,Bengaluru,2025-02-12
647,Rider_0647,Female,Pune,2024-11-09
648,Rider_0648,Female,Bengaluru,2024-08-23
649,Rider_0649,Female,Kolkata,2024-01-14
650,Rider_0650,Male,Chennai,2024-12-09
651,Rider_0651,Male,Delhi,2023-11-03
652,Rider_0652,Male,Hyderabad,2025-02-17
653,Rider_0653,Female,Ahmedabad,2024-05-18
654,Rider_0654,Female,Hyderabad,2023-09-25
655,Rider_0655,Male,Kolkata,2023-01-08
656,Rider_0656,Male,Hyderabad,2024-05-22
657,Rider_0657,Male,Kolkata,2024-04-20
658,Rider_0658,Male,Ahmedabad,2023-06-13
659,Rider_0659,Female,Bengaluru,2024-04-29
660,Rider_0660,Female,Delhi,2025-12-31
661,Rider_0661,Male,Pune,2024-07-20
662,Rider_0662,Other,Chennai,2025-06-23
663,Rider_0663,Female,Pune,2024-07-12
664,Rider_0664,Male,Bengaluru,2023-08-26
665,Rider_0665,Male,Chennai,2024-07-07
666,Rider_0666,Male,Hyderabad,2025-04-07
667,Rider_0667,Male,Ahmedabad,2024-04-12
668,Rider_0668,Male,Ahmedabad,2024-01-21
669,Rider_0669,Male,Mumbai,2025-02-13
670,Rider_0670,Male,Bengaluru,2025-04-27
671,Rider_0671,Male,Bengaluru,2024-01-22
672,Rider_0672,Female,Delhi,2025-05-26
673,Rider_0673,Male,Pune,2023-09-16
674,Rider_0674,Male,Bengaluru,2023-10-10
675,Rider_0675,Male,Bengaluru,2023-02-09
676,Rider_0676,Other,Hyderabad,2024-04-30
677,Rider_0677,Male,Hyderabad,2025-07-17
678,Rider_0678,Male,Chennai,2023-08-08
679,Rider_0679,Female,Kolkata,2025-10-11
680,Rider_0680,Female,Kolkata,2025-10-20
681,Rider_0681,Female,Mumbai,2024-09-04
682,Rider_0682,Male,Kolkata,2025-07-16
683,Rider_0683,Male,Delhi,2024-11-18
684,Rider_0684,Female,Mumbai,2024-09-04
685,Rider_0685,Female,Chennai,2023-09-17
686,Rider_0686,Male,Hyderabad,2025-09-16
687,Rider_0687,Female,Kolkata,2025-08-23
688,Rider_0688,Male,Pune,2024-01-01
689,Rider_0689,Female,Hyderabad,2024-06-27
690,Rider_0690,Male,Ahmedabad,2024-10-10
691,Rider_0691,Male,Delhi,2025-03-24
692,Rider_0692,Male,Hyderabad,2025-11-05
693,Rider_0693,Male,Delhi,2024-07-28
694,Rider_0694,Male,Delhi,2025-10-09
695,Rider_0695,Male,Delhi,2024-10-31
696,Rider_0696,Female,Chennai,2023-09-26
697,Rider_0697,Male,Delhi,2025-07-12
698,Rider_0698,Female,Delhi,2023-09-04
699,Rider_0699,Male,Ahmedabad,2023-05-11
700,Rider_0700,Male,Pune,2023-12-19
701,Rider_0701,Male,Mumbai,2023-07-15
702,Rider_0702,Male,Bengaluru,2025-07-18
703,Rider_0703,Male,Ahmedabad,2025-10-18
704,Rider_0704,Male,Mumbai,2024-10-06
705,Rider_0705,Male,Delhi,2023-08-15
706,Rider_0706,Other,Pune,2024-12-01
707,Rider_0707,Male,Hyderabad,2023-09-22
708,Rider_0708,Female,Pune,2024-10-07
709,Rider_0709,Male,Ahmedabad,2023-07-30
710,Rider_0710,Female,Delhi,2025-07-31
711,Rider_0711,Female,Pune,2024-04-01
712,Rider_0712,Female,Kolkata,2024-12-25
713,Rider_0713,Male,Pune,2025-09-08
714,Rider_0714,Male,Delhi,2024-08-10
715,Rider_0715,Male,Chennai,2024-04-20
716,Rider_0716,Female,Kolkata,2025-09-12
717,Rider_0717,Female,Pune,2023-06-05
718,Rider_0718,Female,Bengaluru,2023-07-09
719,Rider_0719,Male,Bengaluru,2025-09-07
720,Rider_0720,Female,Pune,2024-06-29
721,Rider_0721,Female,Chennai,2023-02-10
722,Rider_0722,Male,Hyderabad,2023-11-03
723,Rider_0723,Male,Delhi,2025-07-31
724,Rider_0724,Female,Bengaluru,2023-12-04
725,Rider_0725,Female,Hyderabad,2025-08-10
726,Rider_0726,Female,Pune,2023-10-06
727,Rider_0727,Male,Ahmedabad,2025-06-14
728,Rider_0728,Female,Hyderabad,2023-09-30
729,Rider_0729,Male,Kolkata,2025-04-16
730,Rider_0730,Male,Mumbai,2024-09-11
731,Rider_0731,Male,Bengaluru,2025-05-11
732,Rider_0732,Female,Pune,2025-07-19
733,Rider_0733,Female,Ahmedabad,2023-10-16
734,Rider_0734,Male,Delhi,2024-12-24
735,Rider_0735,Male,Ahmedabad,2025-06-11
736,Rider_0736,Female,Chennai,2023-09-29
737,Rider_0737,Male,Kolkata,2025-12-25
738,Rider_0738,Female,Pune,2024-04-27
739,Rider_0739,Male,Delhi,2025-07-24
740,Rider_0740,Male,Chennai,2023-09-05
741,Rider_0741,Male,Chennai,2023-06-05
742,Rider_0742,Male,Pune,2025-12-06
743,Rider_0743,Female,Kolkata,2024-03-29
744,Rider_0744,Male,Hyderabad,2023-07-20
745,Rider_0745,Male,Hyderabad,2023-05-04
746,Rider_0746,Female,Chennai,2023-01-01
747,Rider_0747,Male,Hyderabad,2025-08-25
748,Rider_0748,Male,Mumbai,2025-05-04
749,Rider_0749,Female,Chennai,2024-10-01
750,Rider_0750,Female,Chennai,2023-07-10
751,Rider_0751,Male,Delhi,2024-05-30
752,Rider_0752,Female,Hyderabad,2024-03-17
753,Rider_0753,Female,Kolkata,2023-05-23
754,Rider_0754,Male,Chennai,2024-06-16
755,Rider_0755,Male,Ahmedabad,2023-08-15
756,Rider_0756,Female,Kolkata,2025-08-06
757,Rider_0757,Female,Mumbai,2024-04-04
758,Rider_0758,Male,Delhi,2024-07-04
759,Rider_0759,Female,Pune,2024-01-28
760,Rider_0760,Female,Kolkata,2025-04-24
761,Rider_0761,Male,Chennai,2023-07-29
762,Rider_0762,Male,Mumbai,2024-10-07
763,Rider_0763,Male,Bengaluru,2023-08-07
764,Rider_0764,Female,Mumbai,2024-02-11
765,Rider_0765,Male,Mumbai,2025-06-06
766,Rider_0766,Female,Delhi,2024-07-11
767,Rider_0767,Female,Pune,2024-07-03
768,Rider_0768,Female,Bengaluru,2023-05-22
769,Rider_0769,Male,Hyderabad,2024-09-03
770,Rider_0770,Female,Hyderabad,2024-05-15
771,Rider_0771,Male,Kolkata,2025-04-19
772,Rider_0772,Female,Mumbai,2024-12-02
773,Rider_0773,Male,Ahmedabad,2024-08-18
774,Rider_0774,Male,Delhi,2023-10-08
775,Rider_0775,Female,Ahmedabad,2024-02-28
776,Rider_0776,Male,Delhi,2025-05-05
777,Rider_0777,Male,Hyderabad,2023-09-27
778,Rider_0778,Female,Kolkata,2023-06-03
779,Rider_0779,Female,Kolkata,2024-09-05
780,Rider_0780,Female,Kolkata,2024-10-23
781,Rider_0781,Female,Bengaluru,2023-03-24
782,Rider_0782,Male,Pune,2025-08-04
783,Rider_0783,Male,Bengaluru,2025-06-17
784,Rider_0784,Male,Chennai,2023-10-11
785,Rider_0785,Male,Chennai,2025-09-06
786,Rider_0786,Female,Ahmedabad,2023-06-22
787,Rider_0787,Female,Pune,2025-12-22
788,Rider_0788,Male,Hyderabad,2025-02-01
789,Rider_0789,Male,Pune,2024-09-24
790,Rider_0790,Female,Delhi,2025-02-25
791,Rider_0791,Male,Chennai,2025-07-31
792,Rider_0792,Female,Mumbai,2025-10-08
793,Rider_0793,Male,Mumbai,2024-02-02
794,Rider_0794,Female,Hyderabad,2025-07-22
795,Rider_0795,Male,Delhi,2024-11-06
796,Rider_0796,Female,Ahmedabad,2025-07-24
797,Rider_0797,Female,Bengaluru,2024-04-09
798,Rider_0798,Female,Delhi,2023-10-13
799,Rider_0799,Female,Mumbai,2023-09-22
800,Rider_0800,Female,Mumbai,2023-11-16
801,Rider_0801,Female,Ahmedabad,2024-11-03
802,Rider_0802,Male,Chennai,2025-03-30
803,Rider_0803,Female,Delhi,2023-03-30
804,Rider_0804,Female,Delhi,2025-03-31
805,Rider_0805,Male,Mumbai,2025-09-27
806,Rider_0806,Female,Bengaluru,2023-11-30
807,Rider_0807,Female,Hyderabad,2023-08-10
808,Rider_0808,Female,Kolkata,2023-02-10
809,Rider_0809,Male,Hyderabad,2023-03-09
810,Rider_0810,Male,Delhi,2025-09-14
811,Rider_0811,Other,Hyderabad,2024-05-28
812,Rider_0812,Female,Mumbai,2024-11-25
813,Rider_0813,Male,Mumbai,2025-11-05
814,Rider_0814,Female,Ahmedabad,2024-04-21
815,Rider_0815,Female,Delhi,2025-12-21
816,Rider_0816,Male,Ahmedabad,2025-05-30
817,Rider_0817,Female,Delhi,2024-03-07
818,Rider_0818,Male,Kolkata,2023-09-25
819,Rider_0819,Male,Kolkata,2025-11-24
820,Rider_0820,Male,Chennai,2025-02-17
821,Rider_0821,Female,Delhi,2024-05-08
822,Rider_0822,Male,Bengaluru,2024-10-22
823,Rider_0823,Male,Hyderabad,2025-10-09
824,Rider_0824,Male,Delhi,2025-11-24
825,Rider_0825,Male,Pune,2025-09-03
826,Rider_0826,Female,Chennai,2024-04-26
827,Rider_0827,Male,Pune,2024-12-28
828,Rider_0828,Male,Mumbai,2024-04-24
829,Rider_0829,Female,Kolkata,2025-12-24
830,Rider_0830,Male,Hyderabad,2025-10-28
831,Rider_0831,Male,Delhi,2023-12-09
832,Rider_0832,Male,Pune,2023-11-28
833,Rider_0833,Male,Hyderabad,2024-03-13
834,Rider_0834,Male,Mumbai,2023-06-23
835,Rider_0835,Male,Kolkata,2024-07-12
836,Rider_0836,Male,Bengaluru,2024-06-10
837,Rider_0837,Female,Chennai,2024-10-20
838,Rider_0838,Male,Hyderabad,2023-01-26
839,Rider_0839,Female,Hyderabad,2025-03-30
840,Rider_0840,Female,Bengaluru,2024-08-27
841,Rider_0841,Male,Hyderabad,2024-02-10
842,Rider_0842,Female,Mumbai,2023-08-20
843,Rider_0843,Male,Mumbai,2024-06-16
844,Rider_0844,Female,Bengaluru,2024-05-19
845,Rider_0845,Male,Chennai,2023-06-28
846,Rider_0846,Male,Delhi,2023-05-12
847,Rider_0847,Male,Pune,2023-12-14
848,Rider_0848,Other,Delhi,2024-06-23
849,Rider_0849,Male,Hyderabad,2025-02-10
850,Rider_0850,Female,Pune,2023-03-17
851,Rider_0851,Male,Ahmedabad,2024-08-01
852,Rider_0852,Female,Bengaluru,2025-05-03
853,Rider_0853,Male,Bengaluru,2023-07-13
854,Rider_0854,Female,Chennai,2023-12-13
855,Rider_0855,Male,Pune,2025-08-08
856,Rider_0856,Male,Mumbai,2023-08-02
857,Rider_0857,Male,Pune,2024-07-26
858,Rider_0858,Male,Hyderabad,2025-02-18
859,Rider_0859,Female,Mumbai,2023-09-19
860,Rider_0860,Male,Kolkata,2024-12-30
861,Rider_0861,Female,Kolkata,2023-10-10
862,Rider_0862,Male,Ahmedabad,2023-12-28
863,Rider_0863,Male,Kolkata,2024-03-16
864,Rider_0864,Male,Bengaluru,2023-04-03
865,Rider_0865,Male,Pune,2025-01-22
866,Rider_0866,Male,Kolkata,2025-05-16
867,Rider_0867,Male,Delhi,2023-05-22
868,Rider_0868,Male,Chennai,2025-01-18
869,Rider_0869,Female,Delhi,2024-10-14
870,Rider_0870,Female,Kolkata,2024-12-01
871,Rider_0871,Male,Ahmedabad,2025-09-24
872,Rider_0872,Male,Chennai,2023-02-18
873,Rider_0873,Female,Hyderabad,2025-05-30
874,Rider_0874,Male,Delhi,2024-07-08
875,Rider_0875,Male,Ahmedabad,2024-02-08
876,Rider_0876,Male,Pune,2025-06-10
877,Rider_0877,Female,Pune,2025-05-14
878,Rider_0878,Female,Delhi,2024-08-24
879,Rider_0879,Male,Kolkata,2023-12-07
880,Rider_0880,Male,Ahmedabad,2024-12-04
881,Rider_0881,Male,Pune,2023-11-14
882,Rider_0882,Female,Hyderabad,2024-09-09
883,Rider_0883,Male,Mumbai,2024-01-17
884,Rider_0884,Male,Kolkata,2023-08-21
885,Rider_0885,Female,Ahmedabad,2025-03-27
886,Rider_0886,Male,Hyderabad,2024-07-06
887,Rider_0887,Female,Ahmedabad,2025-05-05
888,Rider_0888,Male,Chennai,2025-03-29
889,Rider_0889,Male,Hyderabad,2023-07-02
890,Rider_0890,Male,Kolkata,2025-11-30
891,Rider_0891,Female,Chennai,2024-02-01
892,Rider_0892,Female,Kolkata,2025-02-17
893,Rider_0893,Female,Pune,2025-06-25
894,Rider_0894,Male,Mumbai,2023-05-07
895,Rider_0895,Female,Kolkata,2023-01-01
896,Rider_0896,Male,Kolkata,2023-01-19
897,Rider_0897,Male,Pune,2024-08-06
898,Rider_0898,Female,Bengaluru,2024-03-31
899,Rider_0899,Male,Pune,2025-08-14
900,Rider_0900,Male,Chennai,2024-03-20
901,Rider_0901,Male,Pune,2024-08-24
902,Rider_0902,Male,Pune,2023-04-13
903,Rider_0903,Male,Mumbai,2025-09-14
904,Rider_0904,Female,Pune,2024-06-03
905,Rider_0905,Male,Ahmedabad,2025-05-08
906,Rider_0906,Female,Kolkata,2023-06-23
907,Rider_0907,Female,Ahmedabad,2025-10-01
908,Rider_0908,Male,Mumbai,2024-03-06
909,Rider_0909,Male,Delhi,2024-12-27
910,Rider_0910,Male,Bengaluru,2025-04-29
911,Rider_0911,Female,Ahmedabad,2025-09-16
912,Rider_0912,Male,Mumbai,2024-09-30
913,Rider_0913,Female,Chennai,2024-02-24
914,Rider_0914,Male,Delhi,2024-08-16
915,Rider_0915,Male,Mumbai,2024-04-29
916,Rider_0916,Male,Mumbai,2024-02-16
917,Rider_0917,Male,Bengaluru,2025-07-24
918,Rider_0918,Female,Kolkata,2023-11-28
919,Rider_0919,Female,Ahmedabad,2024-10-16
920,Rider_0920,Male,Chennai,2023-02-10
921,Rider_0921,Female,Hyderabad,2025-08-16
922,Rider_0922,Male,Ahmedabad,2023-04-15
923,Rider_0923,Female,Hyderabad,2023-07-21
924,Rider_0924,Female,Mumbai,2024-03-25
925,Rider_0925,Male,Pune,2025-06-28
926,Rider_0926,Male,Chennai,2023-07-29
927,Rider_0927,Male,Delhi,2024-07-16
928,Rider_0928,Male,Pune,2024-12-13
929,Rider_0929,Female,Pune,2025-02-09
930,Rider_0930,Male,Ahmedabad,2024-03-29
931,Rider_0931,Male,Chennai,2024-10-28
932,Rider_0932,Female,Kolkata,2024-09-20
933,Rider_0933,Other,Mumbai,2024-01-22
934,Rider_0934,Male,Mumbai,2023-10-23
935,Rider_0935,Male,Mumbai,2023-09-15
936,Rider_0936,Male,Mumbai,2023-09-25
937,Rider_0937,Male,Ahmedabad,2024-02-23
938,Rider_0938,Female,Hyderabad,2023-08-23
939,Rider_0939,Male,Mumbai,2025-09-12
940,Rider_0940,Female,Hyderabad,2024-07-27
941,Rider_0941,Male,Hyderabad,2023-02-18
942,Rider_0942,Male,Kolkata,2023-08-11
943,Rider_0943,Female,Mumbai,2025-07-09
944,Rider_0944,Female,Bengaluru,2023-10-04
945,Rider_0945,Male,Delhi,2024-02-24
946,Rider_0946,Male,Pune,2024-09-02
947,Rider_0947,Male,Hyderabad,2024-01-10
948,Rider_0948,Female,Chennai,2023-03-14
949,Rider_0949,Female,Chennai,2025-11-19
950,Rider_0950,Female,Delhi,2023-07-14
951,Rider_0951,Female,Chennai,2025-04-26
952,Rider_0952,Female,Bengaluru,2025-11-30
953,Rider_0953,Male,Chennai,2025-12-22
954,Rider_0954,Female,Pune,2023-01-23
955,Rider_0955,Male,Pune,2023-12-26
956,Rider_0956,Male,Hyderabad,2024-07-13
957,Rider_0957,Male,Mumbai,2024-11-02
958,Rider_0958,Male,Kolkata,2024-11-09
959,Rider_0959,Male,Bengaluru,2024-03-15
960,Rider_0960,Female,Hyderabad,2025-07-21
961,Rider_0961,Male,Bengaluru,2023-01-07
962,Rider_0962,Female,Mumbai,2024-02-25
963,Rider_0963,Male,Ahmedabad,2025-04-12
964,Rider_0964,Male,Chennai,2024-07-12
965,Rider_0965,Male,Chennai,2025-07-02
966,Rider_0966,Male,Kolkata,2025-10-03
967,Rider_0967,Female,Mumbai,2023-05-06
968,Rider_0968,Male,Hyderabad,2024-01-30
969,Rider_0969,Female,Kolkata,2025-03-27
970,Rider_0970,Male,Mumbai,2025-05-30
971,Rider_0971,Female,Delhi,2024-07-29
972,Rider_0972,Female,Pune,2023-11-21
973,Rider_0973,Female,Kolkata,2025-07-18
974,Rider_0974,Male,Kolkata,2025-04-12
975,Rider_0975,Male,Hyderabad,2025-11-20
976,Rider_0976,Male,Bengaluru,2025-04-16
977,Rider_0977,Female,Delhi,2025-07-14
978,Rider_0978,Male,Hyderabad,2024-03-18
979,Rider_0979,Male,Mumbai,2023-03-16
980,Rider_0980,Female,Mumbai,2024-07-10
981,Rider_0981,Male,Mumbai,2023-12-29
982,Rider_0982,Female,Ahmedabad,2024-03-23
983,Rider_0983,Male,Mumbai,2023-09-19
984,Rider_0984,Male,Bengaluru,2023-05-05
985,Rider_0985,Female,Delhi,2025-06-29
986,Rider_0986,Male,Chennai,2023-09-02
987,Rider_0987,Female,Pune,2024-06-25
988,Rider_0988,Male,Bengaluru,2024-04-29
989,Rider_0989,Male,Bengaluru,2023-05-02
990,Rider_0990,Female,Ahmedabad,2023-05-05
991,Rider_0991,Female,Chennai,2023-06-19
992,Rider_0992,Female,Chennai,2023-05-04
993,Rider_0993,Male,Pune,2025-11-24
994,Rider_0994,Female,Pune,2024-10-07
995,Rider_0995,Male,Chennai,2025-02-24
996,Rider_0996,Male,Mumbai,2023-07-20
997,Rider_0997,Female,Bengaluru,2024-01-04
998,Rider_0998,Male,Hyderabad,2025-03-07
999,Rider_0999,Female,Pune,2023-03-18
1000,Rider_1000,Male,Ahmedabad,2023-02-28
